#,Producto,Categoría,Precio de venta (USD),Costo puesto en destino (USD estimado),Margen bruto (USD),Margen bruto (%),Precio pts,Margen pts,Tamaño/peso pts,Problema o wow pts,Competencia pts,Mejora posible pts,Regulación pts,Recompra pts,Video pts,Total /45,Finalista,Riesgos,Precio real proveedor (completar),Envío real y días (completar),Precio top 3 Amazon (completar),Quejas en reseñas (completar)
1,Set de rulos sin calor + scrunchies de satén,Belleza (herramienta),27.99,8,19.99,71%,3,5,5,5,2,4,5,4,5,38,Sí,Mucha competencia en TikTok; diferenciarse con pack y contenido,,,,
2,Alfombra olfativa para perros (snuffle mat),Mascotas,32.99,11,21.99,67%,4,5,4,4,3,3,5,3,5,36,Sí,Calidad de costura variable; pedir muestra,,,,
3,Neceser organizador de maquillaje/viaje,Accesorios mujer / belleza,34.99,13,21.99,63%,4,4,4,3,3,4,5,3,4,34,Sí,Producto común; requiere buen diseño y fotos,,,,
4,Cepillo deslanador autolimpiable,Mascotas,24.99,9,15.99,64%,3,4,5,4,2,3,5,3,4,33,Reserva,Muy competido en Amazon; precio bajo,,,,
5,Estuche de viaje para joyas,Accesorios mujer,26.99,9,17.99,67%,3,5,5,3,3,4,5,2,3,33,Reserva,Compra poco frecuente; mejor como regalo,,,,
6,Pack de 2 pulverizadores de aceite de cristal,Hogar,24.99,10,14.99,60%,3,4,3,4,1,3,4,3,4,29,No,Cristal frágil; Amazon muy fuerte a precio bajo,,,,
7,Bolso bandolera tipo sling,Accesorios mujer,34.99,14,20.99,60%,4,4,4,3,2,3,4,2,3,29,No,Riesgo de copiar diseños de marcas,,,,
8,Soporte magnético para móvil (compatible MagSafe),Tecnología,29.99,11,18.99,63%,4,4,5,3,1,2,4,3,3,29,No,Saturado; MagSafe es marca de Apple,,,,
9,Barra de luz LED para monitor (USB),Tecnología,44.99,20,24.99,56%,5,3,3,4,3,3,2,2,4,29,No,Requiere SDoC de la FCC; más devoluciones,,,,
10,Picador de verduras multifunción,Hogar,34.99,16,18.99,54%,4,3,2,4,1,3,4,2,4,27,No,Voluminoso; muy competido,,,,
